{"3-1": {"exact (%)": 100.0, "ising": 0.0, "markowitz": 0.0}, "3-2": {"exact (%)": 100.0, "ising": 5.639782702116929e-17, "markowitz": 0.0}, "3-3": {"exact (%)": 100.0, "ising": 6.433772731827849e-17, "markowitz": 0.0}, "3-4": {"exact (%)": 100.0, "ising": 8.291340180700771e-17, "markowitz": 0.0}, "3-5": {"exact (%)": 94.0, "ising": 0.0001065234140368676, "markowitz": 1.621197248765298e-05}, "3-6": {"exact (%)": 52.0, "ising": 0.001239369669221507, "markowitz": 0.0002602197973465453}, "4-1": {"exact (%)": 100.0, "ising": 3.878369245586813e-17, "markowitz": 0.0}, "4-2": {"exact (%)": 100.0, "ising": 4.188686453233171e-17, "markowitz": 0.0}, "4-3": {"exact (%)": 100.0, "ising": 6.426293550320088e-17, "markowitz": 0.0}, "4-4": {"exact (%)": 100.0, "ising": 9.515470193403425e-17, "markowitz": 0.0}, "4-5": {"exact (%)": 72.0, "ising": 0.000476195600896599, "markowitz": 0.00010608221282854898}, "5-1": {"exact (%)": 100.0, "ising": 3.716932602927662e-17, "markowitz": 0.0}, "5-2": {"exact (%)": 100.0, "ising": 6.416439025459822e-17, "markowitz": 0.0}, "5-3": {"exact (%)": 100.0, "ising": 6.103436689173547e-17, "markowitz": 0.0}, "5-4": {"exact (%)": 97.0, "ising": 2.2987245091923504e-05, "markowitz": 6.2457907447995575e-06}, "6-1": {"exact (%)": 100.0, "ising": 3.4569303432428865e-17, "markowitz": 0.0}, "6-2": {"exact (%)": 100.0, "ising": 7.610070786100266e-17, "markowitz": 0.0}, "6-3": {"exact (%)": 100.0, "ising": 5.95545212358915e-17, "markowitz": 0.0}, "7-1": {"exact (%)": 100.0, "ising": 5.36595386050636e-17, "markowitz": 0.0}, "7-2": {"exact (%)": 99.0, "ising": 8.420314285497849e-05, "markowitz": 3.9797987164401084e-05}, "8-1": {"exact (%)": 98.0, "ising": 0.0001888270201763719, "markowitz": 9.082591844166488e-05}, "8-2": {"exact (%)": 100.0, "ising": 6.379205671986424e-17, "markowitz": 0.0}, "9-1": {"exact (%)": 100.0, "ising": 5.3424357155153935e-17, "markowitz": 0.0}, "9-2": {"exact (%)": 98.0, "ising": 0.00014453869669523247, "markowitz": 6.50514904880118e-05}, "10-1": {"exact (%)": 100.0, "ising": 5.0680451203003744e-17, "markowitz": 0.0}, "10-2": {"exact (%)": 99.0, "ising": 1.4162974985444316e-06, "markowitz": 6.346140082962441e-07}, "11-1": {"exact (%)": 98.0, "ising": 0.00011223943281594901, "markowitz": 6.820051541323071e-05}, "12-1": {"exact (%)": 97.0, "ising": 0.00013884988258272825, "markowitz": 6.716457025922599e-05}, "13-1": {"exact (%)": 98.0, "ising": 0.00010057820664304816, "markowitz": 4.864761610239364e-05}, "14-1": {"exact (%)": 96.0, "ising": 0.00016550991826662592, "markowitz": 7.972625692621812e-05}, "15-1": {"exact (%)": 97.0, "ising": 4.539528051143824e-05, "markowitz": 3.1998495671562986e-05}, "16-1": {"exact (%)": 96.0, "ising": 0.00018970794690903497, "markowitz": 8.993417741772993e-05}, "17-1": {"exact (%)": 97.0, "ising": 8.582803954264756e-05, "markowitz": 4.108777703438541e-05}, "18-1": {"exact (%)": 95.0, "ising": 0.00022082184852949472, "markowitz": 0.00011654328863682259}, "19-1": {"exact (%)": 95.0, "ising": 0.00023349222532357186, "markowitz": 0.00011587168077105223}, "20-1": {"exact (%)": 91.0, "ising": 0.00038719638610208983, "markowitz": 0.00019675317420927621}}