{"3-1": {"exact (%)": 100.0, "ising": 0.0, "markowitz": 0.0}, "3-2": {"exact (%)": 100.0, "ising": 4.7996371220200185e-17, "markowitz": 0.0}, "3-3": {"exact (%)": 100.0, "ising": 7.213134200092111e-17, "markowitz": 0.0}, "3-4": {"exact (%)": 100.0, "ising": 1.0061046757822184e-16, "markowitz": 0.0}, "3-5": {"exact (%)": 88.0, "ising": 0.0003769674642270128, "markowitz": 3.363919313252026e-05}, "3-6": {"exact (%)": 38.0, "ising": 0.002410851231923006, "markowitz": 0.0005065825494523835}, "4-1": {"exact (%)": 100.0, "ising": 4.0163203023020054e-17, "markowitz": 0.0}, "4-2": {"exact (%)": 100.0, "ising": 6.06182005117442e-17, "markowitz": 0.0}, "4-3": {"exact (%)": 100.0, "ising": 5.339288265116076e-17, "markowitz": 0.0}, "4-4": {"exact (%)": 99.0, "ising": 2.746037052031509e-05, "markowitz": 4.1464044077932635e-06}, "4-5": {"exact (%)": 71.0, "ising": 0.0005200834712242937, "markowitz": 7.195935880100344e-05}, "5-1": {"exact (%)": 100.0, "ising": 4.3423299728340496e-17, "markowitz": 0.0}, "5-2": {"exact (%)": 100.0, "ising": 6.87244723763642e-17, "markowitz": 0.0}, "5-3": {"exact (%)": 100.0, "ising": 7.310814043897789e-17, "markowitz": 0.0}, "5-4": {"exact (%)": 99.0, "ising": 2.1777562200259764e-05, "markowitz": 5.460817869452482e-06}, "6-1": {"exact (%)": 100.0, "ising": 3.319473669258678e-17, "markowitz": 0.0}, "6-2": {"exact (%)": 100.0, "ising": 7.31445356892623e-17, "markowitz": 0.0}, "6-3": {"exact (%)": 100.0, "ising": 4.945806150231255e-17, "markowitz": 0.0}, "7-1": {"exact (%)": 100.0, "ising": 3.600732524420373e-17, "markowitz": 0.0}, "7-2": {"exact (%)": 100.0, "ising": 8.7013112663146e-17, "markowitz": 0.0}, "8-1": {"exact (%)": 100.0, "ising": 3.246056879534319e-17, "markowitz": 0.0}, "8-2": {"exact (%)": 99.0, "ising": 0.00010564327640394561, "markowitz": 4.867424764728507e-05}, "9-1": {"exact (%)": 99.0, "ising": 8.795246414869249e-05, "markowitz": 4.2279463933365045e-05}, "9-2": {"exact (%)": 100.0, "ising": 7.540745317957849e-17, "markowitz": 0.0}, "10-1": {"exact (%)": 98.0, "ising": 0.0001069678071802661, "markowitz": 5.2283174635901146e-05}, "10-2": {"exact (%)": 98.0, "ising": 5.144297598802017e-05, "markowitz": 2.392475478758707e-05}, "11-1": {"exact (%)": 98.0, "ising": 0.00010558383248976394, "markowitz": 5.1487378750233335e-05}, "12-1": {"exact (%)": 99.0, "ising": 4.998963386750412e-05, "markowitz": 2.4305680033142687e-05}, "13-1": {"exact (%)": 94.0, "ising": 0.0003572833730428461, "markowitz": 0.0001743038038953074}, "14-1": {"exact (%)": 94.0, "ising": 0.00022323670381607525, "markowitz": 0.00010943856797807376}, "15-1": {"exact (%)": 97.0, "ising": 0.00015927169721215173, "markowitz": 7.707556752503576e-05}, "16-1": {"exact (%)": 97.0, "ising": 0.00016071567031367685, "markowitz": 7.755835995023098e-05}, "17-1": {"exact (%)": 96.0, "ising": 7.440157172164803e-05, "markowitz": 3.605810730896858e-05}, "18-1": {"exact (%)": 98.0, "ising": 1.1700047816708427e-05, "markowitz": 5.753889591785339e-06}, "19-1": {"exact (%)": 89.0, "ising": 0.000414904439127195, "markowitz": 0.00020285444317694553}, "20-1": {"exact (%)": 92.0, "ising": 0.00039600544554260634, "markowitz": 0.00019429963662022365}}