{"2 - 1": {"exact": 1.0, "ising": 0.0, "markowitz": 0.0}, "2 - 2": {"exact": 0.99, "ising": 0.0001677226845455589, "markowitz": 8.194102193971156e-05}, "2 - 3": {"exact": 0.98, "ising": 0.00031288157981178554, "markowitz": 0.010131873939809554}, "2 - 4": {"exact": 0.71, "ising": 0.007936647295896515, "markowitz": 0.006040635265904296}, "2 - 5": {"exact": 0.29, "ising": 0.16253762472811253, "markowitz": 0.05487152226123711}, "2 - 6": {"exact": 0.09, "ising": 0.67378629200322, "markowitz": 0.15055291323259706}, "2 - 7": {"exact": 0.04, "ising": 0.5129218304492436, "markowitz": 0.6423339079252689}, "3 - 1": {"exact": 1.0, "ising": 0.0, "markowitz": 0.0}, "3 - 2": {"exact": 0.98, "ising": 4.445094177089274e-05, "markowitz": 2.095182193415614e-05}, "3 - 3": {"exact": 0.93, "ising": 0.0003775148004646995, "markowitz": 0.00021092933190979484}, "3 - 4": {"exact": 0.65, "ising": 0.013535881738735234, "markowitz": 0.004998968131081921}, "4 - 1": {"exact": 0.96, "ising": 0.00039163336360506897, "markowitz": 0.00019595495614140523}, "4 - 2": {"exact": 0.99, "ising": 6.778673681731395e-05, "markowitz": 3.1194719074724325e-05}, "4 - 3": {"exact": 0.89, "ising": 0.000551999291567349, "markowitz": 0.00023975895983074116}, "5 - 1": {"exact": 0.98, "ising": 0.00012357564793199577, "markowitz": 6.025446448235665e-05}, "5 - 2": {"exact": 1.0, "ising": 0.0, "markowitz": 0.0}, "6 - 1": {"exact": 0.98, "ising": 0.00027504944830173897, "markowitz": 0.00013707400884387352}, "6 - 2": {"exact": 0.97, "ising": 2.3894217647549013e-05, "markowitz": 1.2208264725425321e-05}, "7 - 1": {"exact": 0.98, "ising": 6.474296338632658e-05, "markowitz": 3.155830454161179e-05}, "7 - 2": {"exact": 0.93, "ising": 0.0004597523257776519, "markowitz": 0.0002156898895747102}, "8 - 1": {"exact": 0.98, "ising": 3.961960130516145e-05, "markowitz": 1.9318519695417638e-05}, "9 - 1": {"exact": 0.97, "ising": 0.00026122783318558736, "markowitz": 0.00012783686758729404}, "10 - 1": {"exact": 0.99, "ising": 2.228835822939514e-05, "markowitz": 1.0621224920968849e-05}, "11 - 1": {"exact": 0.94, "ising": 0.00023273377928647188, "markowitz": 0.00011561658179553144}, "12 - 1": {"exact": 0.95, "ising": 0.000387180192099493, "markowitz": 0.00020865127001958982}, "13 - 1": {"exact": 0.88, "ising": 0.0007113397441541204, "markowitz": 0.00037548645681124537}, "14 - 1": {"exact": 0.89, "ising": 0.0006119119517618633, "markowitz": 0.0002987533797313618}}